{"name":"t:sections.header.name","type":"header","sections":{"announcement-bar":{"type":"announcement-bar","blocks":{"announcement-bar-0":{"type":"announcement","disabled":true,"settings":{"text":"Welcome to our store","link":""}}},"block_order":["announcement-bar-0"],"settings":{"color_scheme":"scheme-1","show_line_separator":true,"show_social":false,"auto_rotate":false,"change_slides_speed":5,"enable_country_selector":false,"enable_language_selector":false}},"header":{"type":"header","custom_css":[".header {max-width: 83.8vw;}",".header__inline-menu {grid-area: icons; text-align: right; margin-right: 140px; margin-bottom: 5px}"],"settings":{"logo_position":"top-left","menu":"main-menu","menu_type_desktop":"dropdown","sticky_header_type":"none","show_line_separator":false,"color_scheme":"scheme-3","menu_color_scheme":"scheme-4","enable_country_selector":false,"enable_language_selector":true,"enable_customer_avatar":true,"mobile_logo_position":"center","margin_bottom":0,"padding_top":16,"padding_bottom":8}}},"order":["announcement-bar","header"]}