{
  "sections": {
    "rich-text": {
      "type": "rich-text",
      "blocks": {
        "heading": {
          "type": "heading",
          "settings": {
            "heading": "Include clickable links to your collection pages to give customers an overview of your catalog.",
            "heading_size": "h2"
          }
        }
      },
      "block_order": [
        "heading"
      ],
      "settings": {
        "desktop_content_position": "center",
        "content_alignment": "center",
        "color_scheme": "scheme-1",
        "full_width": true,
        "padding_top": 40,
        "padding_bottom": 8
      }
    },
    "main": {
      "type": "main-blog",
      "settings": {
        "layout": "collage",
        "show_image": true,
        "image_height": "medium",
        "show_date": true,
        "show_author": false,
        "padding_top": 8,
        "padding_bottom": 60
      }
    }
  },
  "order": [
    "rich-text",
    "main"
  ]
}
