{"sections":{"collage-1":{"type":"collage","custom_css":["h2 {text-align: center;}"],"settings":{"heading":"Access Our Latest Collections","heading_size":"h1","desktop_layout":"left","mobile_layout":"collage","card_styles":"none","color_scheme":"scheme-5","padding_top":32,"padding_bottom":0}},"slideshow_hMncVM":{"type":"slideshow","blocks":{"slide_3pMxNg":{"type":"slide","settings":{"image":"shopify:\/\/shop_images\/040224-GQR-Polos-Lede-1410.webp","heading":"For Men","heading_size":"h0","subheading":"","button_label":"See","link":"shopify:\/\/collections\/polo-shirts","button_style_secondary":false,"box_align":"middle-center","show_text_box":true,"text_alignment":"center","image_overlay_opacity":40,"color_scheme":"","text_alignment_mobile":"center"}},"slide_xCaxYR":{"type":"slide","settings":{"image":"shopify:\/\/shop_images\/dressed-for-summer-at-the-beach.jpg","heading":"For Women","heading_size":"h1","subheading":"","button_label":"See","link":"shopify:\/\/collections\/dressr-for-women","button_style_secondary":false,"box_align":"middle-center","show_text_box":true,"text_alignment":"center","image_overlay_opacity":0,"color_scheme":"scheme-1","text_alignment_mobile":"center"}},"slide_kL9CxF":{"type":"slide","settings":{"image":"shopify:\/\/shop_images\/1_QNhuyRXZyxm6RUlyNV5BHA.jpg","heading":"Women's Bags","heading_size":"h1","subheading":"","button_label":"See","link":"shopify:\/\/collections\/womens-bags","button_style_secondary":false,"box_align":"middle-center","show_text_box":true,"text_alignment":"center","image_overlay_opacity":40,"color_scheme":"","text_alignment_mobile":"center"}},"slide_4hGLnF":{"type":"slide","settings":{"image":"shopify:\/\/shop_images\/recap-tetra-sweettalking-mcnally-WB-AW2223-rainwear-gloves-hats-restandbethankful-females-027-scaled.jpg","heading":"Outdoor & Travel","heading_size":"h0","subheading":"","button_label":"See","link":"shopify:\/\/collections\/jackets","button_style_secondary":false,"box_align":"middle-center","show_text_box":true,"text_alignment":"center","image_overlay_opacity":40,"color_scheme":"scheme-1","text_alignment_mobile":"center"}}},"block_order":["slide_3pMxNg","slide_xCaxYR","slide_kL9CxF","slide_4hGLnF"],"custom_css":[".slideshow__controls.slider-buttons.no-js-hidden button {color: #000000;}",".slider-counter__link--dots .dot {border: #000000; background: #000000;}",".slider-counter__link--active.slider-counter__link--dots .dot {background: #000000;}"],"settings":{"layout":"full_bleed","slide_height":"small","slider_visual":"dots","auto_rotate":true,"change_slides_speed":5,"image_behavior":"ambient","show_text_below":false,"accessibility_info":"Slideshow about our brand"}},"rich-text-1":{"type":"rich-text","blocks":{"heading_8qAeXL":{"type":"heading","settings":{"heading":"Featured Products","heading_size":"h2"}},"button_QTBmde":{"type":"button","settings":{"button_label":"See All","button_link":"shopify:\/\/collections\/all","button_style_secondary":false,"button_label_2":"","button_link_2":"","button_style_secondary_2":false}}},"block_order":["heading_8qAeXL","button_QTBmde"],"custom_css":[".button {font-size: 14px; min-height: 3rem;}",".heading--middle-left {grid-template-columns: auto 1fr 0fr;}",".heading__inline-menu .list-menu.list-menu--inline {width: 100%;}",".heading__inline-menu .list-menu.list-menu--inline li:last-child {flex: 1; display: flex; justify-content: end;}"],"settings":{"desktop_content_position":"center","content_alignment":"center","color_scheme":"scheme-2","full_width":true,"padding_top":0,"padding_bottom":16}},"featured-collection":{"type":"featured-collection","settings":{"title":"","heading_size":"h2","description":"","show_description":false,"description_style":"body","collection":"all","products_to_show":12,"columns_desktop":5,"full_width":false,"show_view_all":false,"view_all_style":"outline","enable_desktop_slider":true,"color_scheme":"scheme-2","image_ratio":"square","image_shape":"default","show_secondary_image":true,"show_vendor":false,"show_rating":false,"quick_add":"none","columns_mobile":"2","swipe_on_mobile":true,"padding_top":4,"padding_bottom":0}},"rich_text_Xz7HG4":{"type":"rich-text","blocks":{"heading_ii9Xfa":{"type":"heading","settings":{"heading":"","heading_size":"h1"}},"text_tKX9Uk":{"type":"text","settings":{"text":""}}},"block_order":["heading_ii9Xfa","text_tKX9Uk"],"settings":{"desktop_content_position":"center","content_alignment":"center","color_scheme":"","full_width":true,"padding_top":0,"padding_bottom":8}}},"order":["collage-1","slideshow_hMncVM","rich-text-1","featured-collection","rich_text_Xz7HG4"]}