{"sections":{"breadcrumbs_GHnET9":{"type":"breadcrumbs","custom_css":[".breadcrumbs {max-width: 100%;}"],"settings":{"breadcrumbs_home_icon_bool":false,"breadcrumb_delimeter":"angle_right","breadcrumb_bg_color":"#1b1b1b","breadcrumb_text_color":"#ffffff","breadcrumb_accent_color_bool":false,"breadcrumb_accent_color":"#4770db","enable_product_page":true,"enable_collection_page":true,"enable_complete_site":true}},"main":{"type":"main-product","blocks":{"title":{"type":"title","settings":{}},"price":{"type":"price","settings":{}},"rating":{"type":"rating","settings":{}},"variant_picker":{"type":"variant_picker","settings":{"picker_type":"button","swatch_shape":"circle"}},"buy_buttons":{"type":"buy_buttons","settings":{"show_dynamic_checkout":false,"show_gift_card_recipient":true}},"description":{"type":"description","settings":{}}},"block_order":["title","price","rating","variant_picker","buy_buttons","description"],"custom_css":[".product__media-list {}",".product__media-wrapper {max-width: 500px;}",".product {height: 100%; position: static;}","button {border-radius: 6px;}"],"settings":{"enable_sticky_info":true,"color_scheme":"scheme-cc5f3f7a-da70-47c8-8c24-47b01d68b550","media_size":"small","constrain_to_viewport":false,"media_fit":"contain","gallery_layout":"thumbnail","media_position":"left","image_zoom":"lightbox","mobile_thumbnails":"hide","hide_variants":true,"enable_video_looping":false,"padding_top":8,"padding_bottom":72}},"related-products":{"type":"related-products","settings":{"heading":"You may also like","heading_size":"h2","products_to_show":4,"columns_desktop":4,"color_scheme":"scheme-2","image_ratio":"square","image_shape":"default","show_secondary_image":true,"show_vendor":true,"show_rating":false,"columns_mobile":"2","padding_top":36,"padding_bottom":72}}},"order":["breadcrumbs_GHnET9","main","related-products"]}